Cant.,Código,NumeraciónDesde,NumeraciónHasta,Descripción del Bien,Est.,Observaciones,Valor  Unitario,archivo_origen,fecha_inventario
9,3.8,,,Escuadras con solapas,R,Armario 1,,RP-01 Inventario de Bienes 002.docx,30/10/2023
13,3.8,,,Escuadras rectas,R,Armario 1,,RP-01 Inventario de Bienes 002.docx,30/10/2023
4,3.8,,,Tijera hojalatero corte recto,M,Armario 1,,RP-01 Inventario de Bienes 002.docx,30/10/2023
4,3.8,,,Tijera hojalatero corte curvo,M,Armario 1,,RP-01 Inventario de Bienes 002.docx,30/10/2023
11,3.8,,,Llaves combinadas de 2 bocas fijas Estriadas Marca Bahco N° 19; 25; 26; 27; 28; 29; 24-27,R,Armario 3,,RP-01 Inventario de Bienes 002.docx,30/10/2023
17,3.8,,,Reglas de pie metálico (30 cm),R,Armario 1,,RP-01 Inventario de Bienes 002.docx,30/10/2023
2,3.8,,,Llaves combinadas de 2 bocas fijas Estriadas Marca Stanley N° 14 y 16,R,Armario 3,,RP-01 Inventario de Bienes 002.docx,30/10/2023
2,3.8,,,Pinza Amperométrica Marca ZURICH,MB,Armario 1,,RP-01 Inventario de Bienes 002.docx,30/10/2023
9,3.8,,,Llaves 2 bocas combinadas  estriadas Marca BAHCO (17/16 – 11/2-  13./8- 1 – 13/16 – 7./8 – 15/16 – 11/14) en pulgadas,R,Armario 3,,RP-01 Inventario de Bienes 003.docx,30/10/2023
4,3.8,,,Llaves 2 bocas combinadas  estriadas Marca Droper Forger (11/4 – 15/16 – 13/16 – 5716) en pulgadas,R,Armario 3,,RP-01 Inventario de Bienes 003.docx,30/10/2023
4,3.8,,,Llaves 2 bocas combinadas  estriadas Marca Irimo (3./4 – 1/2 – 7/6 – 5/16) en pulgadas,R,Armario 3,,RP-01 Inventario de Bienes 003.docx,30/10/2023
2,3.8,,,Llaves 2 bocas combinadas  estriadas Marca Williams (5./8) en pulgadas,R,Armario 3,,RP-01 Inventario de Bienes 003.docx,30/10/2023
1,3.8,,,Llave francesa 8” Marca Tramontina,B,Armario 3,,RP-01 Inventario de Bienes 003.docx,30/10/2023
1,3.8,,,Llave francesa 10” Marca BAHCO,B,Armario 3,,RP-01 Inventario de Bienes 003.docx,30/10/2023
1,3.8,,,Llave francesa 6” Marca Tramontina,B,Armario 3,,RP-01 Inventario de Bienes 003.docx,30/10/2023
2,3.8,,,Llave Estilson Marca BAHCO,R,Armario 3,,RP-01 Inventario de Bienes 003.docx,30/10/2023
9,3.8,,,Lima Media caña 8”,R,Armario 1,,RP-01 Inventario de Bienes 004.docx,30/10/2023
2,3.8,,,Lima Media caña 10”,M,Armario 1,,RP-01 Inventario de Bienes 004.docx,30/10/2023
25,3.8,,,Lima Plana Grano 200 mm x 20 mm,R,Armario 1,,RP-01 Inventario de Bienes 004.docx,30/10/2023
1,3.8,,,Maza Mediana Mango Metal,R,Armario 1,,RP-01 Inventario de Bienes 004.docx,30/10/2023
1,3.8,,,Lima redonda 6”,M,Armario 1,,RP-01 Inventario de Bienes 004.docx,30/10/2023
2,3.8,,,Lima redonda 10”,M,Armario 1,,RP-01 Inventario de Bienes 004.docx,30/10/2023
3,3.8,,,Lima redonda 8”,M,Armario 1,,RP-01 Inventario de Bienes 004.docx,30/10/2023
2,3.8,,,Lima redonda 5”,M,Armario 1,,RP-01 Inventario de Bienes 004.docx,30/10/2023
1,3.1,,,Torno manual,R,,,RP-01 Inventario de Bienes 004.docx,30/10/2023
2,3.8,,,Masa de hierro de 2 Kg.,R,Fabricadas en la escuela,,RP-01 Inventario de Bienes 004.docx,30/10/2023
1,3.9,,,Botiquín,B,,,RP-01 Inventario de Bienes 005.docx,30/10/2023
2,3.8,,,Yunques de 30 Kg. Hierro fundido 540x 110,R,,,RP-01 Inventario de Bienes 005.docx,30/10/2023
3,3.8,,,Llave Combinada Marca Irimo  ½”; 7/16 y ¾”,MB,,,RP-01 Inventario de Bienes 005.docx,30/10/2023
1,3.8,,,Yunque de 100Kg. Hierro fundido,R,,,RP-01 Inventario de Bienes 005.docx,30/10/2023
1,3.8,,,Soporte para taladro,B,,,RP-01 Inventario de Bienes 005.docx,30/10/2023
1,3.1,,,Plegadora para chapa manuales.,R,,,RP-01 Inventario de Bienes 005.docx,30/10/2023
8,3.8,,,Pinza Universal Marca Black Jack (2) ; Marca Bahco (2); Marca Crossmastar (4),B,Armario 3,,RP-01 Inventario de Bienes 005.docx,30/10/2023
2,3.8,,,Llaves combinadas de 2 bocas fijas Estriadas N° 12 Marca Robust  y 11 Marca Diamond Brand,,Armario 3,,RP-01 Inventario de Bienes 005.docx,30/10/2023
22,3.8,,,Morzas Nº 3 de hierro fundido,B,,,RP-01 Inventario de Bienes 005.docx,30/10/2023
1,3.6,,,PLC Siemens LOGO GED 1052 – 1FB08-OBAO 8 entradas 4 Salidas,B,,,RP-01 Inventario de Bienes 006.docx,30/10/2023
1,3.1,,,Motor Siemens 230/400 Volt 50 Hz 1 LA 7070- 2AA10 ¾ HP Trifásico,B,,,RP-01 Inventario de Bienes 006.docx,30/10/2023
1,3.8,,,Cilindradora  Manual,R,,,RP-01 Inventario de Bienes 006.docx,30/10/2023
1,3.8,,,PISTOLA P/SOPLETEAR,R,,,RP-01 Inventario de Bienes 006.docx,30/10/2023
21,,,,Arcos de sierra completos,R,Armario 4,,RP-01 Inventario de Bienes 006.docx,30/10/2023
1,3.8,,,Morzas Nº 6,R,,,RP-01 Inventario de Bienes 006.docx,30/10/2023
1,3.8,,,LLAVE POLIGONAL 17,MB,Programa 39- Herramental Menor,,RP-01 Inventario de Bienes 006.docx,30/10/2023
1,3.8,,,LLAVE POLIGONAL 18,MB,,,RP-01 Inventario de Bienes 006.docx,30/10/2023
1,3.8,,,LLAVE POLIGONAL 19,Nuevo,,,RP-01 Inventario de Bienes 006.docx,30/10/2023
2,3.8,,,ACCESORIOS DRAMEL,MB,Programa 39- Herramental Menor,,RP-01 Inventario de Bienes 006.docx,30/10/2023
6,3.8,,,Bancos de Ajustador,R,,,RP-01 Inventario de Bienes 007.docx,30/10/2023
1,3.8,,,Cizallas manuales de 1x 250 mm,R,,,RP-01 Inventario de Bienes 007.docx,30/10/2023
4,3.8,,,PRENSA G 3” Marca Blitz,B,Armario 1,,RP-01 Inventario de Bienes 007.docx,30/10/2023
1,3.8,,,PRENSA G 8” Marca Blitz,B,Armario 1,,RP-01 Inventario de Bienes 007.docx,30/10/2023
1,3.8,,,PRENSA G 7” Marca Blitz,M,Armario 1,,RP-01 Inventario de Bienes 007.docx,30/10/2023
2,3.8,,,LLAVE CURVA,MB,Armario 8,,RP-01 Inventario de Bienes 007.docx,30/10/2023
1,3.8,,,PINZA AMPEROMÉTRICA Pronext,MB,Armario 6,,RP-01 Inventario de Bienes 007.docx,30/10/2023
1,3.8,,,JUEGO LIMAS MATRICERAS,MB,Armario 6,,RP-01 Inventario de Bienes 007.docx,30/10/2023
3,4.1,,,Máscaras soldador fotosencible,R,Armario 5,,RP-01 Inventario de Bienes 007.docx,30/10/2023
2,3.9,,,Contactores con Auxiliares,B,Armario 6,,RP-01 Inventario de Bienes 007.docx,30/10/2023
3,3.8,,,Pinza de Punta Plana Marca Crossmastar,B,Armario 3,,RP-01 Inventario de Bienes 008.docx,30/10/2023
2,3.8,,,Pinza de Punta Plana (Rojas),R,Armario 3,,RP-01 Inventario de Bienes 008.docx,30/10/2023
1,3.8,,,Pinza sacabocado Blitz,B,Armario 2,,RP-01 Inventario de Bienes 008.docx,30/10/2023
7,3.8,,,Tijeras Articulada  corte universal,R,Armario 1,,RP-01 Inventario de Bienes 008.docx,30/10/2023
2,3.8,,,Alicate corte diagonal,B,Armario 6,,RP-01 Inventario de Bienes 008.docx,30/10/2023
1,3.8,,,Pinza Universal 200 mm,MB,Armario 6,,RP-01 Inventario de Bienes 008.docx,30/10/2023
2,3.8,,,PINZA AMPEROMÉTRICA TS-P1266,MB,Armario 8,,RP-01 Inventario de Bienes 008.docx,30/10/2023
8,3.8,,,Calibre Mecánico Acero inox 150 mm,R,Armario 2,,RP-01 Inventario de Bienes 008.docx,30/10/2023
1,3.8,,,Calibre digital 150 mm,B,Armario 2,,RP-01 Inventario de Bienes 008.docx,30/10/2023
4,3.8,,,Tester Digital,MB,Armario 6,,RP-01 Inventario de Bienes 008.docx,30/10/2023
1,3.8,,,Pinza Amperométrica Marca Sonel,MB,Armario 6,,RP-01 Inventario de Bienes 009.docx,30/10/2023
4,3.8,,,Soldador Estaño 60 w p/cerámica,MB,Armario 2,,RP-01 Inventario de Bienes 009.docx,30/10/2023
1,3.8,,,Juego de piezas de llave Allem (30 piezas),MB,Armario 8,,RP-01 Inventario de Bienes 009.docx,30/10/2023
3,,,,Pares de guantes de soldador Caña larga- Rojos,MB,Armario 8,,RP-01 Inventario de Bienes 009.docx,30/10/2023
4,,,,Pares de guantes de soldador Caña larga- Naranja,MB,Armario 8,,RP-01 Inventario de Bienes 009.docx,30/10/2023
6,,,,Fajas Lumbares,MB,Armario 8,,RP-01 Inventario de Bienes 009.docx,30/10/2023
15,,,,Chaquetas de Soldador,R,Rotación de Herrería y Soldadura,,RP-01 Inventario de Bienes 009.docx,30/10/2023
13,,,,Delantales de Soldador,R,Rotación de Herrería y Soldadura,,RP-01 Inventario de Bienes 009.docx,30/10/2023
6,,,,Delantales de Soldador,M,Rotación de Herrería y Soldadura,,RP-01 Inventario de Bienes 009.docx,30/10/2023
14,,,,Pares de Polainas,M,Rotación de Herrería y Soldadura,,RP-01 Inventario de Bienes 009.docx,30/10/2023
3,3.8,,,Alicate,R,Armario 3,,RP-01 Inventario de Bienes 010.docx,30/10/2023
2,3.8,,,Llaves combinadas doble boca  12-14; 8-10,R,Armario 3,,RP-01 Inventario de Bienes 010.docx,30/10/2023
1,3.8,,,Llaves combinadas doble boca Marca SGA 17-19,R,Armario 3,,RP-01 Inventario de Bienes 010.docx,30/10/2023
4,3.8,,,Llave Boca/boca Marca BAHCO  32; 24-27; 24-25;24-21,R,Armario 3,,RP-01 Inventario de Bienes 010.docx,30/10/2023
2,,,,Destornillador  Paleta  5 x 90,R,Armario 3,,RP-01 Inventario de Bienes 010.docx,30/10/2023
1,,,,Destornillador  Paleta  4 x 100,M,Armario 3,,RP-01 Inventario de Bienes 010.docx,30/10/2023
1,3.8,,,Destornillador Paleta Brenen 6 x 100,R,Armario 6,,RP-01 Inventario de Bienes 010.docx,30/10/2023
1,3.8,,,Destornillador Paleta  6 x 100,R,Armario 6,,RP-01 Inventario de Bienes 010.docx,30/10/2023
1,3.8,,,Destornillador Philips Brenen 4 x 200,R,Armario 6,,RP-01 Inventario de Bienes 010.docx,30/10/2023
1,,,,Lima triangular 6” (fino),R,Armario 1,,RP-01 Inventario de Bienes 011.docx,30/10/2023
5,,,,Lima triangular 8” (medio),R,Armario 1,,RP-01 Inventario de Bienes 011.docx,30/10/2023
1,,,,Lima cuadrada 6”x 5 mm (medio),R,Armario 1,,RP-01 Inventario de Bienes 011.docx,30/10/2023
5,,,,Lima cuadrada 8”x 8 mm (medio),R,Armario 1,,RP-01 Inventario de Bienes 011.docx,30/10/2023
1,,,,Lima cuadrada 8”x 10 mm (medio),R,Armario 1,,RP-01 Inventario de Bienes 011.docx,30/10/2023
1,,,,Lima cuadrada 8”x 5 mm (medio),B,Armario 1,,RP-01 Inventario de Bienes 011.docx,30/10/2023
1,,,,Lima Plana 150 mm x 15 mm (fino),M,Armario 1,,RP-01 Inventario de Bienes 011.docx,30/10/2023
25,,,,Lima Plana 200 mm x 20 mm (medio),R,Armario 1,,RP-01 Inventario de Bienes 011.docx,30/10/2023
5,,,,Lima Plana 250 mm x 25 mm (grueso),M,Armario 1,,RP-01 Inventario de Bienes 011.docx,30/10/2023
2,,,,Escofinas Media Caña 10”x1”,M,Armario 1,,RP-01 Inventario de Bienes 011.docx,30/10/2023
2,3.8,,,Alicates,R,A cargo de MEP Motores,,RP-01 Inventario de Bienes 012.docx,30/10/2023
1,3.8,,,Pinza segger,R,A cargo de MEP Motores,,RP-01 Inventario de Bienes 012.docx,30/10/2023
1,3.8,,,Pico de Loro,B,A cargo de MEP Motores,,RP-01 Inventario de Bienes 012.docx,30/10/2023
1,3.8,,,Llave francesa 8”,B,A cargo de MEP Motores,,RP-01 Inventario de Bienes 012.docx,30/10/2023
1,3.8,,,Llave saca bujía 5/8”,B,A cargo de MEP Motores,,RP-01 Inventario de Bienes 012.docx,30/10/2023
1,3.8,,,Llave saca bujías 21mm,M,A cargo de MEP Motores,,RP-01 Inventario de Bienes 012.docx,30/10/2023
1,3.8,,,Llave saca filtros de cinta. Mango rojo,B,A cargo de MEP Motores,,RP-01 Inventario de Bienes 012.docx,30/10/2023
1,3.8,,,Llave saca filtros dentada gris,B,A cargo de MEP Motores,,RP-01 Inventario de Bienes 012.docx,30/10/2023
3,3.8,,,Destornilladores philips,B,A cargo de MEP Motores,,RP-01 Inventario de Bienes 012.docx,30/10/2023
3,3.8,,,Destornilladores punta plana,B,A cargo de MEP Motores,,RP-01 Inventario de Bienes 013.docx,30/10/2023
2,3.8,,,Destornilladores torx,B,A cargo de MEP Motores,,RP-01 Inventario de Bienes 013.docx,30/10/2023
1,3.8,,,Llave combinada 3/4” tramontina-Pro,B,A cargo de MEP Motores,,RP-01 Inventario de Bienes 013.docx,30/10/2023
1,3.8,,,Llave combinada  11/16” Tramontina-Pro,B,A cargo de MEP Motores,,RP-01 Inventario de Bienes 013.docx,30/10/2023
1,3.8,,,Llave combinada  9/16” Vanadium,B,A cargo de MEP Motores,,RP-01 Inventario de Bienes 013.docx,30/10/2023
1,3.8,,,Llave combinada  9 mm Gedore,B,A cargo de MEP Motores,,RP-01 Inventario de Bienes 013.docx,30/10/2023
2,3.8,,,Llave combinada  13 mm Stanley,B,A cargo de MEP Motores,,RP-01 Inventario de Bienes 013.docx,30/10/2023
2,3.8,,,Llave combinada  17 mm Stanley /Tramontina,B,A cargo de MEP Motores,,RP-01 Inventario de Bienes 013.docx,30/10/2023
1,3.8,,,Llave combinada  18 mm Stanley,B,A cargo de MEP Motores,,RP-01 Inventario de Bienes 013.docx,30/10/2023
1,3.8,,,Llave combinada  16 mm Stanley,B,A cargo de MEP Motores,,RP-01 Inventario de Bienes 013.docx,30/10/2023
1,3.8,,,Martillo de uña,B,A cargo de MEP Motores,,RP-01 Inventario de Bienes 013.docx,30/10/2023
1,3.8,,,Llave combinada  5/8” Irimo,B,A cargo de MEP Motores,,RP-01 Inventario de Bienes 014.docx,30/10/2023
1,3.8,,,Llave combinada  7/16” Stanley,B,A cargo de MEP Motores,,RP-01 Inventario de Bienes 014.docx,30/10/2023
1,3.8,,,Llave combinada 3/8” Tramontina- Pro,B,A cargo de MEP Motores,,RP-01 Inventario de Bienes 014.docx,30/10/2023
2,3.8,,,Llave combinada 5/16” Tramontina-Pro,B,A cargo de MEP Motores,,RP-01 Inventario de Bienes 014.docx,30/10/2023
1,3.8,,,Llave combinada 22 mm Tramontina- Pro,B,A cargo de MEP Motores,,RP-01 Inventario de Bienes 014.docx,30/10/2023
8,3.8,,,Laves Torx  T10 ; T15; T27;  T20; T25; T30; T40; T45; T50,B,(1 de cada una) A cargo de MEP Motores,,RP-01 Inventario de Bienes 014.docx,30/10/2023
3,3.8,,,Pinzas universales,B,A cargo de MEP Motores,,RP-01 Inventario de Bienes 014.docx,30/10/2023
1,3.8,,,Juago de 9 llaves Allem,,Armario 6,,RP-01 Inventario de Bienes 014.docx,30/10/2023
1,,,,Destornillador  Phillips Tramontina  3 x 150,M,Armario 3,,RP-01 Inventario de Bienes 014.docx,30/10/2023
3,,,,Reglas de 45 cm,R,Armario 1,,RP-01 Inventario de Bienes 015.docx,30/10/2023
1,,,,Regla de 50 cm,R,Armario 1,,RP-01 Inventario de Bienes 015.docx,30/10/2023
5,,,,Limas ½ caña,B,Armario 2,,RP-01 Inventario de Bienes 015.docx,30/10/2023
1,,,,Pistola para silicona,B,Armario 2,,RP-01 Inventario de Bienes 015.docx,30/10/2023
4,,,,Cintas métricas,R,Armario 2,,RP-01 Inventario de Bienes 015.docx,30/10/2023
1,,,,Soldador sin punta,M,Armario 2,,RP-01 Inventario de Bienes 015.docx,30/10/2023
2,,,,Machos de 3/16 N° 2,B,Armario 2,,RP-01 Inventario de Bienes 015.docx,30/10/2023
2,,,,Machos de 3/16,R,Armario 2,,RP-01 Inventario de Bienes 015.docx,30/10/2023
2,,,,Jeringas eyección de Estaño,B,Armario 2,,RP-01 Inventario de Bienes 015.docx,30/10/2023
1,,,,Abrochadora,R,Armario 2,,RP-01 Inventario de Bienes 015.docx,30/10/2023
1,,,,Escofina Media caña 8” x ¾ “,M,Armario 1,,RP-01 Inventario de Bienes 016.docx,30/10/2023
1,,,,Escofina Redonda 7”,M,Armario 1,,RP-01 Inventario de Bienes 016.docx,30/10/2023
3,,,,Escuadras de Carpintero,R,Armario 1,,RP-01 Inventario de Bienes 016.docx,30/10/2023
20,,,,Puntos de trazar,R,Armario 1,,RP-01 Inventario de Bienes 016.docx,30/10/2023
2,,,,Martillo de chapista,B,Armario 1,,RP-01 Inventario de Bienes 016.docx,30/10/2023
1,,,,Martillo de bola mango de madera,B,Armario 1,,RP-01 Inventario de Bienes 016.docx,30/10/2023
2,,,,Martillo de bola mango de metal,R,Armario 1,,RP-01 Inventario de Bienes 016.docx,30/10/2023
1,,,,Compás punta seca,R,Armario 1,,RP-01 Inventario de Bienes 016.docx,30/10/2023
17,,,,Reglas de 30 cm,R,Armario 1,,RP-01 Inventario de Bienes 016.docx,30/10/2023
2,,,,Soldadores Comunes,M,Armario 2,,RP-01 Inventario de Bienes 017.docx,30/10/2023
5,,,,Guantes de Nitrilo livianos,MB,Armario 5,,RP-01 Inventario de Bienes 017.docx,30/10/2023
1,,,,Guantes de Nitrilo Rojo,MB,Armario 5,,RP-01 Inventario de Bienes 017.docx,30/10/2023
1,,,,Guantes de soldador,MB,Armario 5,,RP-01 Inventario de Bienes 017.docx,30/10/2023
3,,,,Protector visual Mediacal Corp con vidrio,MB,Armario 5,,RP-01 Inventario de Bienes 017.docx,30/10/2023
2,,,,Juego de letras para marcar,R,Armario 4,,RP-01 Inventario de Bienes 017.docx,30/10/2023
1,,,,Mordaza articulada roja N° 2,M,Armario 4,,RP-01 Inventario de Bienes 017.docx,30/10/2023
4,,,,Sensores de Niveles para Tanques,MB,Armario 4,,RP-01 Inventario de Bienes 017.docx,30/10/2023
6,,,,Sordinas Copas,MB,Armario 4,,RP-01 Inventario de Bienes 017.docx,30/10/2023
1,,,,Desoldador,MB,Armario 6,,RP-01 Inventario de Bienes 017.docx,30/10/2023
14,,,,Sierras,B,Armario 4,,RP-01 Inventario de Bienes 018.docx,30/10/2023
7,,,,Alargues,B,Armario 4,,RP-01 Inventario de Bienes 018.docx,30/10/2023
3,,,,Mascaras fotosensibles,B,Armario 4,,RP-01 Inventario de Bienes 018.docx,30/10/2023
6,,,,Mascaras faciales,B,Armario 5,,RP-01 Inventario de Bienes 018.docx,30/10/2023
6,,,,Mascaras de soldar,B,Armario 5,,RP-01 Inventario de Bienes 018.docx,30/10/2023
10,,,,Guantes moteados,R,Armario 5,,RP-01 Inventario de Bienes 018.docx,30/10/2023
10,,,,Guantes de baqueta,R,Armario 5,,RP-01 Inventario de Bienes 018.docx,30/10/2023
5,,,,Antiparras,R,Armario 5,,RP-01 Inventario de Bienes 018.docx,30/10/2023
2,,,,Tester sin cable,R,Armario 6,,RP-01 Inventario de Bienes 018.docx,30/10/2023
1,,,,Destornillador  Paleta Bahco,R,Armario 6,,RP-01 Inventario de Bienes 019.docx,30/10/2023
2,,,,Destornillador  Paleta Celestal 4x 70,M,Armario 6,,RP-01 Inventario de Bienes 019.docx,30/10/2023
1,,,,Destornillador  Phillips Celestal 4x 70,R,Armario 6,,RP-01 Inventario de Bienes 019.docx,30/10/2023
1,,,,Destornillador  Phillips 6 x 100,M,Armario 3,,RP-01 Inventario de Bienes 019.docx,30/10/2023
2,,,,Destornillador  Phillips Tramontina  5 x 120S,M,Armario 3,,RP-01 Inventario de Bienes 019.docx,30/10/2023
1,,,,Destornillador  Paleta Celestal 3x 80,R,Armario 3,,RP-01 Inventario de Bienes 019.docx,30/10/2023
1,,,,Destornillador  Paleta  Celestal 5x 100,M,Armario 3,,RP-01 Inventario de Bienes 019.docx,30/10/2023
1,,,,Destornillador  Paleta  Tramontina  6 x 140,M,Armario 3,,RP-01 Inventario de Bienes 019.docx,30/10/2023
1,,,,Destornillador  Paleta Tramontina  5 x 140,M,Armario 3,,RP-01 Inventario de Bienes 019.docx,30/10/2023
1,,,,Destornillador Palerta  Gedore  6 x 150,M,Armario 3,,RP-01 Inventario de Bienes 019.docx,30/10/2023
1,,,,Destornillador  Interlec Phillips  3x 60,M,Armario 3,,RP-01 Inventario de Bienes 019.docx,30/10/2023
1,,,,Destornillador  Phillips Celestal 5 x 120,R,Armario 3,,RP-01 Inventario de Bienes 020.docx,30/10/2023
2,,,,Destornillador  Paleta Celestal 4x 100,R,Armario 3,,RP-01 Inventario de Bienes 020.docx,30/10/2023
2,3.8,,,Tenazas,B,Armario 3,,RP-01 Inventario de Bienes 020.docx,30/10/2023
2,3.8,,,Tenazas,M,Armario 3,,RP-01 Inventario de Bienes 020.docx,30/10/2023
1,3.8,,,Espátula,B,Armario 3,,RP-01 Inventario de Bienes 020.docx,30/10/2023
1,3.8,,,Torquímetro,B,Armario 3,,RP-01 Inventario de Bienes 020.docx,30/10/2023
1,3.8,,,Engrapadora,R,Armario 3,,RP-01 Inventario de Bienes 020.docx,30/10/2023
1,3.8,,,Pinza Pico de loro,R,Armario 3,,RP-01 Inventario de Bienes 020.docx,30/10/2023
1,3.8,,,Brazo de Fuerza 1”,B,Armario 3,,RP-01 Inventario de Bienes 020.docx,30/10/2023
1,3.8,,,Llave Criquet  Marca Chrom Vanadium,B,Armario 3,,RP-01 Inventario de Bienes 020.docx,30/10/2023
1,,,,Destornillador  Paleta  8 x 100,M,Armario 3,,RP-01 Inventario de Bienes 021.docx,30/10/2023
3,3.8,,,Alicate corte diagonal,B,Armario 3,,RP-01 Inventario de Bienes 021.docx,30/10/2023
2,3.8,,,Pinzas de Punta,B,Armario 3,,RP-01 Inventario de Bienes 021.docx,30/10/2023
2,3.8,,,Pinzas de Punta,R,Armario 3,,RP-01 Inventario de Bienes 021.docx,30/10/2023
2,3.8,,,Alicates Black Jack,B,Armario 3,,RP-01 Inventario de Bienes 021.docx,30/10/2023
5,3.8,,,Pinzas Naranja,R,Armario 3,,RP-01 Inventario de Bienes 021.docx,30/10/2023
2,3.8,,,Llaves Allen 10 mm,R,Armario 3,,RP-01 Inventario de Bienes 021.docx,30/10/2023
1,3.8,,,Llaves Allen 8 mm,R,Armario 3,,RP-01 Inventario de Bienes 021.docx,30/10/2023
1,3.8,,,Llaves Torx 8mm,R,Armario 3,,RP-01 Inventario de Bienes 021.docx,30/10/2023
5,3.8,,,Pinza Universal 160 mm,Nuevo,,,RP-01 Inventario de Bienes 021.docx,30/10/2023
2,3.8,,,Destornillador  Paleta Celestal 3x 80,M,Armario 3,,RP-01 Inventario de Bienes 022.docx,30/10/2023
1,3.8,,,Destornillador  Paleta  6 x 140,M,Armario 3,,RP-01 Inventario de Bienes 022.docx,30/10/2023
2,3.8,,,Destornillador  Paleta  6 x 40,M,Armario 3,,RP-01 Inventario de Bienes 022.docx,30/10/2023
5,3.8,,,Llaves tubos Hexagonales de: 5/8”; 1”; 9mm; 12 mm; 16 mm,B,Armario 3,,RP-01 Inventario de Bienes 022.docx,30/10/2023
1,3.8,,,Mezclador de Pintura,B,Armario 3,,RP-01 Inventario de Bienes 022.docx,30/10/2023
8,3.8,,,Llaves Tubos Estrellas 11 mm; 12 mm; 14 mm; 16 mm; 18 mm; 20 mm; 22 mm; 24 mm,B,Armario 3,,RP-01 Inventario de Bienes 022.docx,30/10/2023
8,3.8,,,Llaves Tubos Estriados 22 mm; 24 mm; 26 mm; 34 mm;; 7/8”; 21/32”; 9/16”; ¾”,B,Armario 3,,RP-01 Inventario de Bienes 022.docx,30/10/2023
2,3.8,,,Llaves Tubos Estriado 15/16”,B,Armario 3,,RP-01 Inventario de Bienes 022.docx,30/10/2023
2,3.8,,,Llaves Tubos Estriado 25 mm;,B,Armario 3,,RP-01 Inventario de Bienes 022.docx,30/10/2023
1,,,,Pinza Portaelectrodos Marca INC-CO 500        Negro y Naranja,MB,Armario 8,,RP-01 Inventario de Bienes 023.docx,30/10/2023
37,,,,Llaves combinadas,MB,Armario 8,,RP-01 Inventario de Bienes 023.docx,30/10/2023
1,,,,Antiparra con filtro solar Marca UCU,MB,Armario 8,,RP-01 Inventario de Bienes 023.docx,30/10/2023
2,,,,Cepillos de hacer mango de madrea Marca Calabro,MB,Armario 8,,RP-01 Inventario de Bienes 023.docx,30/10/2023
1,,,,Escuadra Magnética 3”  p/11 Kg Marca Bremen,MB,Armario 8,,RP-01 Inventario de Bienes 023.docx,30/10/2023
1,,,,Escuadra Magnética 4”  p/22 Kg Marca Bremen,MB,Armario 8,,RP-01 Inventario de Bienes 023.docx,30/10/2023
3,,,,Desoldadores con eyección de estaño de punto Diam. 20 mm,MB,Armario 8,,RP-01 Inventario de Bienes 023.docx,30/10/2023
1,,,,Llave Mandril para taladro de mano,MB,Armario 8,,RP-01 Inventario de Bienes 023.docx,30/10/2023
1,,,,Mandril Cónico Marca Dogo,MB,Armario 8,,RP-01 Inventario de Bienes 023.docx,30/10/2023
1,,,,Pinza Portamasa Marca Blitz 300 A,MB,Armario 8,,RP-01 Inventario de Bienes 024.docx,30/10/2023
1,,,,Tester Electrónico Digital Marca Pronext Mod. TS-830D,MB,Armario 8,,RP-01 Inventario de Bienes 024.docx,30/10/2023
1,,,,Pistola para compresor,MB,Armario 8,,RP-01 Inventario de Bienes 024.docx,30/10/2023
2,,,,Llaves boomerang tipo Estrella 21mm /19mm y 22mm/19mm,MB,Armario 8,,RP-01 Inventario de Bienes 024.docx,30/10/2023
2,,,,Llaves Hexagonal Abierta 11 mm y 14 mm    Marca Gedore,MB,Armario 8,,RP-01 Inventario de Bienes 024.docx,30/10/2023
2,,,,Llaves Combinadas 12mm Marca Gedore  y 11/16” Marca Tramontina pro,MB,Armario 8,,RP-01 Inventario de Bienes 024.docx,30/10/2023
1,,,,Llave Estrella Abierta 14 mm Marca Gedore,MB,Armario 8,,RP-01 Inventario de Bienes 024.docx,30/10/2023
3,,,,Par Guantes Dieléctricos hasta 500 W,MB,Armario 8,,RP-01 Inventario de Bienes 024.docx,30/10/2023
4,,,,Dobladora de caño con carril,B,Armario 8,,RP-01 Inventario de Bienes 024.docx,30/10/2023
1,,,,Llave Francesa 6” – Marca Bulit,Nuevo,En Armario de Jefe Gral. de Taller,,RP-01 Inventario de Bienes 025.docx,30/10/2023
4,,,,Pinza Universal G-200 – Marca Bahco,Nuevo,En Armario de Jefe Gral. de Taller,,RP-01 Inventario de Bienes 025.docx,30/10/2023
1,,,,Pinza Universal 8” Marca Tramontina pro,Nuevo,En Armario de Jefe Gral. de Taller,,RP-01 Inventario de Bienes 025.docx,30/10/2023
1,,,,Llave Combinada 7/16” Marca Stanley,Nuevo,En Armario de Jefe Gral. de Taller,,RP-01 Inventario de Bienes 025.docx,30/10/2023
3,,,,Llaves combinadas 5/8”; 14 y 17 mm              Marca Geodore,Nuevo,En Armario de Jefe Gral. de Taller,,RP-01 Inventario de Bienes 025.docx,30/10/2023
2,,,,Llaves combinadas 5/8” Marca Tramontina Pro,Nuevo,En Armario de Jefe Gral. de Taller,,RP-01 Inventario de Bienes 025.docx,30/10/2023
2,,,,Llaves combinadas ¾ “ y 12 mm Marca Robust,Nuevo,En Armario de Jefe Gral. de Taller,,RP-01 Inventario de Bienes 025.docx,30/10/2023
1,,,,Llave combinada  ¾” Marca  Tramontina Pro,Nuevo,En Armario de Jefe Gral. de Taller,,RP-01 Inventario de Bienes 025.docx,30/10/2023
1,,,,Juego de sierras copa p/madera 11 piezas – Marca Bosch,Nuevo,En Armario de Jefe Gral. de Taller,,RP-01 Inventario de Bienes 026.docx,30/10/2023
10,,,,Limas planas grano medio sin mango – Marca Bahco,Nuevo,En Armario de Jefe Gral. de Taller,,RP-01 Inventario de Bienes 026.docx,30/10/2023
1,,,,Serrucho de 500 mm Marca Bulit,Nuevo,En Armario de Jefe Gral. de Taller,,RP-01 Inventario de Bienes 026.docx,30/10/2023
1,,,,Tijera Hojalatero corte recto 10” Marca Barbero,Nuevo,En Armario de Jefe Gral. de Taller,,RP-01 Inventario de Bienes 026.docx,30/10/2023
2,,,,Limas Cuadradas 8” – Marca Plena,Nuevo,En Armario de Jefe Gral. de Taller,,RP-01 Inventario de Bienes 026.docx,30/10/2023
7,,,,Limas Media Caña 8” - Marca Plena,Nuevo,En Armario de Jefe Gral. de Taller,,RP-01 Inventario de Bienes 026.docx,30/10/2023
9,,,,Limas Media Caña 8” - Marca Nicholson,Nuevo,En Armario de Jefe Gral. de Taller,,RP-01 Inventario de Bienes 026.docx,30/10/2023
16,,,,Mangos para limas color Azul -,Nuevo,En Armario de Jefe Gral. de Taller,,RP-01 Inventario de Bienes 026.docx,30/10/2023
2,,,,Destornilladores paleta 5x100 y 6x125 Marca Irimo,Nuevo,En Armario de Jefe Gral. de Taller,,RP-01 Inventario de Bienes 026.docx,30/10/2023
1,,,,Destornilladores Phillisps  8x150  Marca Irimo,Nuevo,En Armario de Jefe Gral. de Taller,,RP-01 Inventario de Bienes 026.docx,30/10/2023
1,3.1,,,TORNO DIGITAL Mod. T1000 ENET- Type 1440B – Mach N° 002,R,Enviado por INET,,RP-01 Inventario de Bienes MAQUINAS1.docx,30/10/2023
1,3.1,,,Dobladora de caño de ½ a 2 pulgadas.,B,,,RP-01 Inventario de Bienes MAQUINAS1.docx,30/10/2023
1,3.1,,,Equipo de soldadura eléctrica para c.c. 350ª con accesorios.,R,,,RP-01 Inventario de Bienes MAQUINAS1.docx,30/10/2023
1,3.1,,,MOTOR NEF 6 cód. 00015881   5802068180- MAT 8056935,Nuevo,DONADO POR FIAT IVECO,,RP-01 Inventario de Bienes MAQUINAS1.docx,30/10/2023
1,3.1,,,Amoladora skil 4 1/2” 820w,R,,,RP-01 Inventario de Bienes MAQUINAS1.docx,30/10/2023
2,3.1,,,Amoladora black y decker 4 ½” 820w,R,,,RP-01 Inventario de Bienes MAQUINAS1.docx,30/10/2023
1,3.1,,,Amoladora salkor 4 1/2,R,,,RP-01 Inventario de Bienes MAQUINAS1.docx,30/10/2023
1,3.1,,,Taladro dowen paggio 1050w mandril 16mm,B,,,RP-01 Inventario de Bienes MAQUINAS1.docx,30/10/2023
1,3.1,,,Taladro skil 550w mandril 13mm,R,,,RP-01 Inventario de Bienes MAQUINAS1.docx,30/10/2023
1,3.1,,,Router skil modelo 1831 1100 w,R,Problemas de rodamientos,,RP-01 Inventario de Bienes MAQUINAS1.docx,30/10/2023
1,3.1,,,Taladro skil 570w mandril 13mm,R,,,RP-01 Inventario de Bienes MAQUINAS2.docx,30/10/2023
1,3.1,,,Taladro skil 600w mandril 13mm,R,,,RP-01 Inventario de Bienes MAQUINAS2.docx,30/10/2023
1,3.1,,,Taladro bosch mandril 13mm,R,,,RP-01 Inventario de Bienes MAQUINAS2.docx,30/10/2023
2,3.1,,,Caladora skil 4550 550w,R,,,RP-01 Inventario de Bienes MAQUINAS2.docx,30/10/2023
1,3.1,,,Caladora stanley 600w,R,,,RP-01 Inventario de Bienes MAQUINAS2.docx,30/10/2023
1,3.1,,,Caladora black y decker 600w,B,,,RP-01 Inventario de Bienes MAQUINAS2.docx,30/10/2023
1,3.1,,,Lijadora orbital skil 200 w,R,,,RP-01 Inventario de Bienes MAQUINAS2.docx,30/10/2023
1,3.1,,,Taladro marca bosch 600w gsb 13 re,B,,,RP-01 Inventario de Bienes MAQUINAS2.docx,30/10/2023
2,3.1,,,TORNOS PARALELOS CM Modelo CN-30/91 mm c’ reclas digitales y accesorios,B,AQUIRIDO POR INET,,RP-01 Inventario de Bienes MAQUINAS3.docx,30/10/2023
2,3.1,,,Lijadora orbital black y decker,R,En reparación,,RP-01 Inventario de Bienes MAQUINAS3.docx,30/10/2023
3,3.1,,,Tornos paralelos ½ Bancada Marca Parmo,R,1 no funciona,,RP-01 Inventario de Bienes MAQUINAS3.docx,30/10/2023
1,3.1,,,Equipo para pintar,R,,,RP-01 Inventario de Bienes MAQUINAS3.docx,30/10/2023
1,3.1,,,Soldadora Marca DAGO MIG 205,R,,,RP-01 Inventario de Bienes MAQUINAS3.docx,30/10/2023
1,3.1,,,Soldadora Marca GLADIATOR,R,,,RP-01 Inventario de Bienes MAQUINAS3.docx,30/10/2023
1,3.1,,,COMPRESOR ALPHA 50 Lts. Motor 2 HP,MB,,,RP-01 Inventario de Bienes MAQUINAS3.docx,30/10/2023
1,3.1,,,Soldadora 220 V 50/60 Hz Marca Dogo,R,,,RP-01 Inventario de Bienes MAQUINAS3.docx,30/10/2023
1,3.1,,,Soldadora Dual MIG 120:220 50/60 Hz,B,,,RP-01 Inventario de Bienes MAQUINAS3.docx,30/10/2023
1,3.1,,,VENTILADOR EXTRACTOR MONOFASICO BAX 300,,,,RP-01 Inventario de Bienes MAQUINAS3.docx,30/10/2023
3,3.1,,,Agujereadoras de banco con motor trifásico de ½ HP con mandril,R,"2 EN ESTADO REGULAR
1 DESARMADA",,RP-01 Inventario de Bienes MAQUINAS4.docx,30/10/2023
1,3.1,,,Limadora  30 cm de trabajo,R,Donado por Hiparsa,,RP-01 Inventario de Bienes MAQUINAS4.docx,30/10/2023
1,3.1,,,Rectificadora,R,Donado por Hiparsa INCOMPLETA,,RP-01 Inventario de Bienes MAQUINAS4.docx,30/10/2023
1,3.1,,,OSCILOSCOPIO DIGITAL 60 MHZ 1 GS/S 40 KPS GRATTEN – MODELO GA -1062 CAL,,,,RP-01 Inventario de Bienes MAQUINAS4.docx,30/10/2023
1,3.1,,,DUROMETRO DINAMICO PORTATIL DE IMPACTO QH5 Marca DEMEQ,,,,RP-01 Inventario de Bienes MAQUINAS4.docx,30/10/2023
1,3.1,,,MINITORNO Blackdecker,Nuevo,Programa 39- Herramental Menor,,RP-01 Inventario de Bienes MAQUINAS4.docx,30/10/2023
1,3.1,,,Fresadora combinada universal de torreta CM Modelo FC-1. Con reglas digitales.,B,,,RP-01 Inventario de Bienes MAQUINAS4.docx,30/10/2023
1,3.1,,,Torno Paralelo CM Modelo CM-30/914 mm Con reglas digitales,B,Fuera de Servicio por falta de repuesto,,RP-01 Inventario de Bienes MAQUINAS4.docx,30/10/2023
1,3.1,,,Cortadora sensitiva 2000 Watt,R,,,RP-01 Inventario de Bienes MAQUINAS4.docx,30/10/2023
1,,,,Caladora 550w  - Marca Skil,Nueva,En Armario de Jefe Gral. de Taller,,RP-01 Inventario de Bienes MAQUINAS5.docx,30/10/2023
1,,,,Amoladora 4 1/2” 830W - Marca Skil,Nueva,En Armario de Jefe Gral. de Taller,,RP-01 Inventario de Bienes MAQUINAS5.docx,30/10/2023
1,,,,Pistola Neumática Marca Stonger,Nueva,En Armario de Jefe Gral. de Taller,,RP-01 Inventario de Bienes MAQUINAS5.docx,30/10/2023
1,,,,Soldadora Inverter SML 130-7 Marca LUSQTOFF,Nueva,Adquirida por Plan FORJAR,,RP-01 Inventario de Bienes MAQUINAS5.docx,30/10/2023
1,,,,Amoladora Marca BOSCH Profesional 1800 W,Nueva,Adquirida por Plan FORJAR,,RP-01 Inventario de Bienes MAQUINAS5.docx,30/10/2023
1,,,,Fresadora Marca SKILL 1100 con maletín y accesorios.,Nueva,Adquirida por Plan FORJAR,,RP-01 Inventario de Bienes MAQUINAS5.docx,30/10/2023
2,,,,Atornillador Marca BOSCH Profesional GSR 1000 Smart con10 puntas y  maletín,Nueva,Adquirida por Plan FORJAR,,RP-01 Inventario de Bienes MAQUINAS5.docx,30/10/2023
2,,,,Sierra Caladora Marca SKILL 3800 W,Nueva,Adquirida por Plan FORJAR,,RP-01 Inventario de Bienes MAQUINAS5.docx,30/10/2023
1,,,,Morsa Giratoria Plana de Precisión N° 6  Marca CUTMAC,Nueva,Adquirida por Plan FORJAR,,RP-01 Inventario de Bienes MAQUINAS5.docx,30/10/2023
1,,,,Lijadora Orbital 220 W Marca Bosch,Nueva,Adquirida por Plan FORJAR,,RP-01 Inventario de Bienes MAQUINAS5.docx,30/10/2023
2,,,,Lijadora de Banda 800 W Marca SALKOR,B,Adquirida por Plan FORJAR,,RP-01 Inventario de Bienes MAQUINAS6.docx,30/10/2023
2,3.9,,,Smart TV Marca Tedge 32”,B,"Adquirida por Plan FORJAR 
 Destinados a Rotación de Electrónica y Oficina Técnica",,RP-01 Inventario de Bienes MAQUINAS6.docx,30/10/2023
3,,,,Amoladora Marca BOSCH Profesional 1800 W,B,Adquirida por Plan FORJAR,,RP-01 Inventario de Bienes MAQUINAS6.docx,30/10/2023
1,,,,Cortadora Plasma Profesional Marca LUSQTOFF INCUT-640,B,Adquirida por Plan FORJAR,,RP-01 Inventario de Bienes MAQUINAS6.docx,30/10/2023
1,,,,Lijadora de Banco y banda 440 w Marca  LUSQTOFF,B,Adquirida por Plan FORJAR,,RP-01 Inventario de Bienes MAQUINAS6.docx,30/10/2023
